time,iq,vbus
148.4991,11.910937,1.14425
148.5211,11.910937,1.356197
148.5411,11.910937,1.299123
148.5611,11.910937,1.278787
148.5811,11.9198,1.298681
148.6002,11.910937,1.296927
148.6191,11.910937,1.296223
148.6380,11.9198,1.064897
148.6569,11.884351,1.219828
148.6761,11.866626,1.27717
148.6952,11.857763,1.180379
148.7150,11.910937,1.143102
148.7350,11.9198,1.297015
148.7549,11.910937,1.296363
148.7751,11.902075,1.102293
148.7951,11.910937,1.332969
148.8150,11.910937,1.21677
148.8350,11.910937,1.272958
148.8549,11.910937,1.370835
148.8749,11.910937,1.410753
148.8940,11.902075,1.256981
148.9140,11.884351,1.467791
148.9339,11.910937,1.353609
148.9539,11.910937,1.219953
148.9728,11.857763,1.218459
148.9919,11.910937,1.143878
149.0120,11.910937,1.278817
149.0438,11.910937,1.280377
149.0628,11.910937,1.224962
149.0819,11.910937,1.376263
149.1009,11.910937,1.296908
149.1198,11.902075,1.222839
149.1389,11.902075,1.376569
149.1578,11.902075,1.281384
149.1768,11.875488,1.22189
149.1968,11.884351,1.218062
149.2167,11.875488,1.103356
149.2368,11.875488,1.354467
149.2568,11.875488,1.355019
149.2768,11.875488,1.374892
149.2968,11.840039,1.298325
149.3167,11.884351,1.279869
149.3367,11.866626,1.203884
149.3566,11.875488,1.299618
149.3768,11.866626,1.222245
149.3967,11.866626,1.357427
149.4167,11.875488,1.220751
149.4357,11.875488,1.201129
149.4556,11.866626,1.299685
149.4747,11.875488,1.358031
149.4947,11.902075,1.241112
149.5147,11.9198,1.223443
149.5336,11.902075,1.148593
149.5525,11.9198,1.299715
149.5727,11.910937,1.220728
149.5916,11.910937,1.357386
149.6106,11.9198,1.297485
149.6298,11.875488,1.203909
149.6497,11.910937,1.220939
149.6696,11.866626,1.298964
149.6896,11.910937,1.283043
149.7095,11.910937,1.357178
149.7296,11.910937,1.280787
149.7495,11.9198,1.184426
149.7696,11.910937,1.281134
149.7885,11.910937,1.301305
149.8085,11.910937,1.300824
149.8286,11.910937,1.298191
149.8485,11.910937,1.298501
149.8684,11.910937,1.300318
149.8885,11.910937,1.358252
149.9075,11.910937,1.1617
149.9264,11.893212,1.298475
149.9465,11.875488,1.358119
149.9655,11.875488,1.258774
149.9845,11.875488,1.200575
150.0044,11.866626,1.144238
150.0244,11.866626,1.35701
150.0433,11.910937,1.219047
150.0625,11.902075,1.298225
150.0824,11.9198,1.298771
150.1024,11.866626,1.105279
150.1213,11.910937,1.278485
150.1404,11.910937,1.297667
150.1594,11.910937,1.354129
150.1784,11.910937,1.355532
150.1983,11.910937,1.276942
150.2174,11.910937,1.430467
150.2363,11.875488,1.296476
150.2553,11.875488,1.139122
150.2742,11.875488,1.29686
150.2933,11.910937,1.354377
150.3123,11.910937,1.277514
150.3312,11.910937,1.221579
150.3503,11.910937,1.374259
150.3693,11.910937,1.220223
150.3882,11.910937,1.202297
150.4071,11.902075,1.221746
150.4262,11.875488,1.433161
150.4453,11.884351,1.239002
150.4642,11.840039,1.275921
150.4833,11.875488,1.199948
150.5032,11.910937,1.219007
150.5232,11.902075,1.104415
150.5431,11.902075,1.218448
150.5631,11.902075,1.29748
150.5821,11.893212,1.201469
150.6022,11.910937,1.297004
150.6211,11.910937,1.240058
150.6411,11.9198,1.217646
150.6611,11.910937,1.138598
150.6810,11.910937,1.063213
150.7011,11.910937,1.217325
150.7211,11.910937,1.296138
150.7411,11.910937,1.372782
150.7600,11.902075,1.141705
150.7790,11.910937,1.280936
150.7981,11.902075,1.277689
150.8171,11.910937,1.298095
150.8360,11.884351,1.297552
150.8549,11.875488,1.221896
150.8741,11.875488,1.35536
150.8930,11.910937,1.295473
150.9119,11.9198,1.25862
150.9310,11.910937,1.105356
150.9500,11.910937,1.223223
150.9689,11.910937,1.221379
150.9880,11.910937,1.435619
151.0070,11.9198,1.378382
151.0291,11.866626,1.279057
151.0490,11.910937,1.200731
151.0689,11.9198,1.317556
151.0889,11.910937,1.297239
151.1078,11.910937,1.357637
151.1280,11.910937,1.375555
151.1479,11.910937,1.187494
151.1679,11.910937,1.125707
151.1879,11.910937,1.283551
151.2078,11.902075,1.201233
151.2278,11.910937,1.298187
151.2478,11.875488,1.358832
151.2669,11.866626,1.280715
151.2858,11.875488,1.22591
151.3058,11.875488,1.224761
151.3257,11.875488,1.224813
151.3458,11.875488,1.300123
151.3659,11.875488,1.166353
151.3858,11.875488,1.280488
151.4058,11.875488,1.377558
151.4247,11.875488,1.281277
151.4437,11.875488,1.37791
151.4638,11.902075,1.340634
151.4828,11.875488,1.222696
151.5027,11.884351,1.20754
151.5227,11.910937,1.3025
151.5427,11.910937,1.147949
151.5618,11.910937,1.209522
151.5807,11.9198,1.282918
151.6007,11.902075,1.22836
151.6197,11.866626,1.226908
151.6396,11.910937,1.381253
151.6597,11.910937,1.227119
151.6787,11.910937,1.361681
151.6987,11.875488,1.303504
151.7186,11.910937,1.305557
151.7385,11.910937,1.151239
151.7585,11.910937,1.285014
151.7778,11.910937,1.229655
151.7976,11.910937,1.228264
151.8176,11.902075,1.188547
151.8375,11.910937,1.190224
151.8575,11.910937,1.285477
151.8775,11.902075,1.132689
151.8976,11.875488,1.284967
151.9176,11.928662,1.302988
151.9375,11.910937,1.38182
151.9575,11.910937,1.381679
151.9775,11.884351,1.379941
151.9975,11.910937,1.284742
152.0174,11.910937,1.381292
152.0375,11.910937,1.302081
152.0575,11.910937,1.224718
152.0775,11.910937,1.205915
152.0974,11.875488,1.22502
152.1174,11.910937,1.304
152.1374,11.910937,1.206362
152.1575,11.910937,1.146228
152.1775,11.902075,1.361737
152.1974,11.910937,1.303166
152.2174,11.910937,1.281298
152.2373,11.910937,1.340028
152.2573,11.910937,1.379731
152.2773,11.910937,1.227136
152.2965,11.875488,1.378913
152.3154,11.884351,1.244355
152.3343,11.875488,1.205535
152.3543,11.875488,1.300162
152.3742,11.875488,1.300216
152.3933,11.857763,1.242838
152.4133,11.902075,1.205551
152.4323,11.910937,1.3006
152.4514,11.910937,1.14621
152.4713,11.910937,1.183522
152.4913,11.910937,1.279746
152.5102,11.910937,1.223683
152.5292,11.902075,1.203784
152.5483,11.910937,1.489054
152.5672,11.9198,1.297379
152.5862,11.910937,1.184285
152.6061,11.831177,1.141253
152.6252,11.875488,1.356166
152.6442,11.875488,1.377858
152.6642,11.875488,1.29709
152.6831,11.875488,1.317087
152.7032,11.902075,1.298271
152.7232,11.910937,1.20032
152.7432,11.910937,1.376707
152.7622,11.910937,1.064901
152.7831,11.910937,1.373977
152.8030,11.910937,1.293876
152.8222,11.910937,1.216022
152.8421,11.910937,1.275041
152.8611,11.866626,1.215071
152.8811,11.910937,1.272033
152.9010,11.910937,1.37206
152.9210,11.902075,1.21793
152.9401,11.902075,1.063722
152.9590,11.910937,1.274106
152.9781,11.902075,1.215572
152.9972,11.910937,1.219942
153.0160,11.902075,1.277277
153.0350,11.875488,1.279072
153.0539,11.875488,1.276415
153.0740,11.875488,1.216518
153.0940,11.866626,1.275974
153.1140,11.866626,1.141873
153.1340,11.875488,1.295985
153.1539,11.875488,1.374921
153.1739,11.866626,1.374769
153.1939,11.857763,1.295773
153.2141,11.875488,1.372396
153.2340,11.875488,1.37269
153.2539,11.875488,1.372466
153.2739,11.875488,1.275597
153.2928,11.857763,1.295458
153.3128,11.866626,1.352561
153.3330,11.910937,1.215849
153.3529,11.910937,1.292595
153.3729,11.910937,1.215137
153.3928,11.910937,1.273907
153.4128,11.910937,1.059963
153.4328,11.910937,1.292121
153.4527,11.9198,1.289981
153.4729,11.910937,1.371516
153.4928,11.910937,1.445087
153.5128,11.910937,1.369675
153.5328,11.9198,1.176053
153.5527,11.910937,1.36991
153.5727,11.910937,1.291306
153.5927,11.866626,1.291967
153.6128,11.910937,1.217343
153.6328,11.910937,1.292781
153.6527,11.910937,1.138639
153.6727,11.910937,1.196105
153.6916,11.910937,1.273111
153.7108,11.9198,1.273917
153.7297,11.910937,1.255493
153.7487,11.910937,1.312355
153.7676,11.910937,1.21499
153.7877,11.866626,1.27484
153.8077,11.902075,1.296587
153.8277,11.910937,1.35438
153.8476,11.910937,1.298968
153.8676,11.910937,1.298472
153.8875,11.910937,1.298537
153.9077,11.902075,1.141077
153.9277,11.910937,1.294838
153.9477,11.9198,1.140438
153.9686,11.910937,1.37177
153.9885,11.910937,1.294711
154.0085,11.9198,1.371268
154.0285,11.910937,1.390429
154.0477,11.910937,1.214949
154.0676,11.910937,1.217107
154.0875,11.902075,1.292729
154.1075,11.910937,1.389259
154.1264,11.910937,1.217214
154.1456,11.902075,1.060878
154.1645,11.875488,1.214027
154.1835,11.893212,1.217479
154.2024,11.875488,1.351776
154.2215,11.910937,1.351563
154.2414,11.902075,1.273227
154.2615,11.910937,1.31193
154.2814,11.910937,1.293411
154.3014,11.902075,1.274534
154.3213,11.910937,1.274998
154.3404,11.910937,1.121187
154.3594,11.910937,1.371444
154.3783,11.902075,1.374029
154.3974,11.910937,1.293817
154.4164,11.866626,1.276003
154.4363,11.910937,1.066255
154.4563,11.910937,1.276843
154.4763,11.866626,1.294257
154.4963,11.875488,1.353778
154.5164,11.902075,1.375242
154.5363,11.910937,1.374036
154.5563,11.910937,1.413965
154.5763,11.910937,1.297748
154.5963,11.910937,1.297778
154.6152,11.9198,1.355627
154.6343,11.884351,1.375525
154.6543,11.875488,1.279162
154.6742,11.875488,1.375918
154.6942,11.866626,1.377945
154.7142,11.875488,1.202028
154.7341,11.866626,1.220959
154.7543,11.875488,1.280305
154.7742,11.875488,1.283526
154.7932,11.875488,1.104915
154.8131,11.893212,1.107813
154.8331,11.875488,1.281523
154.8522,11.875488,1.205784
154.8722,11.910937,1.282808
154.8921,11.910937,1.222563
154.9111,11.910937,1.223176
154.9300,11.902075,1.301016
154.9491,11.902075,1.222191
154.9681,11.910937,1.107113
154.9870,11.902075,1.280548
155.0061,11.910937,1.280956
155.0251,11.902075,1.299519
155.0451,11.875488,1.299661
155.0650,11.884351,1.340422
155.0850,11.884351,1.07109
155.1041,11.902075,1.107452
155.1230,11.875488,1.377033
155.1420,11.875488,1.416279
155.1610,11.910937,1.106183
155.1801,11.866626,1.298342
155.1990,11.910937,1.279043
155.2189,11.910937,1.220761
155.2379,11.902075,1.300555
155.2570,11.910937,1.204556
155.2759,11.910937,1.224009
155.2949,11.875488,1.299669
155.3140,11.875488,1.299726
155.3329,11.875488,1.202381
155.3529,11.875488,1.377403
155.3718,11.875488,1.299802
155.3918,11.910937,1.29778
155.4109,11.910937,1.224268
155.4309,11.9198,1.161252
155.4509,11.902075,1.201043
155.4708,11.910937,1.278883
155.4908,11.910937,1.220256
155.5110,11.910937,1.299295
155.5299,11.910937,1.376231
155.5498,11.875488,1.220366
155.5698,11.910937,1.279842
155.5897,11.910937,1.300069
155.6089,11.910937,1.202207
155.6288,11.910937,1.28017
155.6488,11.910937,1.280753
155.6688,11.928662,1.2999
155.6877,11.910937,1.298527
155.7077,11.910937,1.300298
155.7268,11.902075,1.225146
155.7468,11.910937,1.28013
155.7667,11.910937,1.222583
155.7857,11.910937,1.298044
155.8057,11.902075,1.411122
155.8258,11.902075,1.358804
155.8458,11.902075,1.241756
155.8657,11.902075,1.241357
155.8857,11.910937,1.297996
155.9056,11.902075,1.321664
155.9246,11.9198,1.283438
155.9447,11.875488,1.377431
155.9647,11.884351,1.380558
155.9847,11.866626,1.284136
156.0047,11.884351,1.303965
156.0246,11.884351,1.361476
156.0445,11.884351,1.304654
156.0645,11.884351,1.226492
156.0847,11.866626,1.30576
156.1047,11.902075,1.28722
156.1246,11.875488,1.227024
156.1446,11.893212,1.147588
156.1645,11.866626,1.284257
156.1845,11.875488,1.225708
156.2044,11.831177,1.186877
156.2246,11.866626,1.379515
156.2445,11.866626,1.302187
156.2645,11.875488,1.281942
156.2845,11.884351,1.280959
156.3045,11.884351,1.360024
156.3244,11.884351,1.377929
156.3444,11.866626,1.280709
156.3645,11.875488,1.35747
156.3845,11.866626,1.37527
156.4044,11.866626,1.221246
156.4244,11.884351,1.299927
156.4444,11.875488,1.221523
156.4625,11.884351,1.337007
156.4825,11.857763,1.202121
156.5024,11.875488,1.224077
156.5213,11.875488,1.201529
156.5403,11.910937,1.358122
156.5594,11.910937,1.356083
156.5784,11.910937,1.219402
156.5973,11.910937,1.356435
156.6164,11.910937,1.335797
156.6353,11.910937,1.221946
156.6543,11.866626,1.374829
156.6732,11.875488,1.375303
156.6934,11.875488,1.298777
156.7133,11.875488,1.375288
156.7333,11.875488,1.378274
156.7532,11.875488,1.221934
156.7722,11.884351,1.240308
156.7913,11.857763,1.221625
156.8113,11.910937,1.416864
156.8312,11.910937,1.222749
156.8502,11.910937,1.165707
156.8701,11.910937,1.417437
156.8903,11.910937,1.226049
156.9092,11.9198,1.35962
156.9292,11.910937,1.223018
156.9491,11.866626,1.376304
156.9681,11.910937,1.377856
156.9872,11.910937,1.284738
157.0061,11.902075,1.148266
157.0261,11.910937,1.108759
157.0461,11.910937,1.303118
157.0652,11.910937,1.302481
157.0841,11.910937,1.361419
157.1031,11.875488,1.360397
157.1220,11.875488,1.340693
157.1411,11.875488,1.302636
157.1601,11.910937,1.285716
157.1790,11.910937,1.301657
157.1981,11.910937,1.378784
157.2171,11.910937,1.167944
157.2360,11.910937,1.300898
157.2550,11.866626,1.30022
157.2741,11.884351,1.299848
157.2940,11.857763,1.339266
157.3140,11.884351,1.358911
157.3340,11.875488,1.283187
157.3529,11.884351,1.376247
157.3720,11.875488,1.299397
157.3920,11.857763,1.300279
157.4120,11.875488,1.146986
157.4309,11.875488,1.14737
157.4509,11.910937,1.301479
157.4710,11.902075,1.380902
157.4910,11.902075,1.283177
157.5100,11.910937,1.284277
157.5299,11.866626,1.205439
157.5499,11.910937,1.227653
157.5698,11.866626,1.378154
157.5899,11.910937,1.286562
157.6089,11.866626,1.244305
157.6288,11.910937,1.302262
157.6488,11.910937,1.377329
157.6688,11.910937,1.185833
157.6887,11.910937,1.378125
157.7079,11.9198,1.284021
157.7278,11.910937,1.416626
157.7478,11.9198,1.452034
157.7677,11.910937,1.184695
157.7877,11.910937,1.279602
157.8077,11.866626,1.415766
157.8268,11.902075,1.299615
157.8457,11.866626,1.145527
157.8647,11.910937,1.299656
157.8838,11.910937,1.103833
157.9028,11.875488,1.220987
157.9227,11.875488,1.377761
157.9417,11.875488,1.432369
157.9608,11.875488,1.279746
157.9807,11.910937,1.280139
158.0007,11.9198,1.221053
158.0197,11.866626,1.376686
158.0386,11.910937,1.356842
158.0577,11.910937,1.239591
158.0777,11.9198,1.300056
158.0977,11.9198,1.280641
158.1176,11.866626,1.278816
158.1375,11.902075,1.298349
158.1575,11.910937,1.375373
158.1777,11.910937,1.37684
158.1977,11.902075,1.279901
158.2176,11.910937,1.298114
158.2375,11.9198,1.29948
158.2575,11.902075,1.277478
158.2765,11.902075,1.280754
158.2956,11.902075,1.297993
158.3145,11.910937,1.29981
158.3334,11.910937,1.279928
158.3526,11.866626,1.221075
158.3715,11.866626,1.279498
158.3905,11.857763,1.203874
158.4096,11.910937,1.318134
158.4285,11.902075,1.162265
158.4474,11.902075,1.240344
158.4674,11.910937,1.22033
158.4866,11.910937,1.18075
158.5065,11.875488,1.219922
158.5255,11.910937,1.219848
158.5454,11.857763,1.144366
158.5644,11.902075,1.298154
158.5834,11.866626,1.259556
158.6024,11.875488,1.297261
158.6213,11.875488,1.064094
158.6404,11.875488,1.29606
158.6595,11.910937,1.141709
158.6794,11.910937,1.296164
158.6983,11.910937,1.372838
158.7183,11.910937,1.138966
158.7384,11.9198,1.141274
158.7584,11.910937,1.294833
158.7773,11.910937,1.23435
158.7963,11.910937,1.216241
158.8154,11.866626,1.27454
158.8353,11.910937,1.371655
158.8553,11.910937,1.352468
158.8753,11.910937,1.373789
158.8953,11.875488,1.295157
158.9152,11.902075,1.255458
158.9352,11.910937,1.101982
158.9553,11.910937,1.218056
158.9754,11.902075,1.14184
158.9953,11.910937,1.277521
159.0152,11.902075,1.355169
159.0352,11.910937,1.259457
159.0551,11.902075,1.414077
159.0751,11.910937,1.298392
159.0952,11.875488,1.336577
159.1152,11.902075,1.302463
159.1351,11.902075,1.299386
159.1551,11.910937,1.224635
159.1751,11.902075,1.065913
159.1951,11.866626,1.377759
159.2132,11.910937,1.220375
159.2331,11.893212,1.299405
159.2521,11.884351,1.298012
159.2710,11.875488,1.456273
159.2901,11.857763,1.300331
159.3092,11.902075,1.146558
159.3290,11.866626,1.301142
159.3480,11.910937,1.205742
159.3671,11.910937,1.300401
159.3860,11.910937,1.376848
159.4049,11.910937,1.356907
159.4241,11.910937,1.223931
159.4430,11.910937,1.277873
159.4620,11.875488,1.298568
159.4811,11.875488,1.35895
159.5010,11.875488,1.279143
159.5210,11.875488,1.258681
159.5410,11.875488,1.298682
159.5609,11.875488,1.27995
159.5809,11.875488,1.3518
159.6009,11.875488,1.219638
159.6200,11.875488,1.222106
159.6389,11.910937,1.373626
159.6578,11.910937,1.277113
159.6779,11.866626,1.412368
159.6978,11.9198,1.335498
159.7169,11.9198,1.275619
159.7358,11.910937,1.217181
159.7558,11.910937,1.29302
159.7760,11.910937,1.219003
159.7949,11.910937,1.390358
159.8149,11.910937,1.293737
159.8348,11.866626,1.353013
159.8548,11.910937,1.331637
159.8748,11.902075,1.179837
159.8947,11.875488,1.298498
159.9149,11.910937,1.063267
159.9348,11.910937,1.279181
159.9548,11.910937,1.296169
159.9749,11.910937,1.372316
159.9947,11.910937,1.219703
160.0147,11.902075,1.25528
160.0346,11.910937,1.278162
160.0548,11.9198,1.274748
160.0748,11.910937,1.432926
160.0947,11.875488,1.275833
160.1148,11.910937,1.294563
160.1346,11.910937,1.294084
160.1547,11.910937,1.218733
160.1746,11.866626,1.332924
160.1947,11.902075,1.099033
160.2147,11.9198,1.214644
160.2347,11.910937,1.291107
160.2547,11.910937,1.138738
160.2746,11.910937,1.21699
160.2946,11.875488,1.292105
160.3145,11.910937,1.194305
160.3346,11.866626,1.213637
160.3546,11.9198,1.369623
160.3746,11.910937,1.211942
160.3946,11.902075,1.136654
160.4146,11.866626,1.136433
160.4345,11.910937,1.212922
160.4544,11.910937,1.136881
160.4746,11.875488,1.174537
160.4946,11.875488,1.098547
160.5145,11.9198,1.137416
160.5345,11.910937,1.13633
160.5545,11.910937,1.274569
160.5745,11.910937,1.291367
160.5944,11.902075,1.272223
160.6135,11.9198,1.349925
160.6324,11.875488,1.139074
160.6514,11.866626,1.369323
160.6705,11.875488,1.351447
160.6895,11.857763,1.289676
160.7094,11.910937,1.254814
160.7294,11.866626,1.293469
160.7493,11.902075,1.351929
160.7693,11.902075,1.195571
160.7884,11.910937,1.14349
160.8073,11.866626,1.217122
160.8273,11.910937,1.219187
160.8473,11.910937,1.294966
160.8672,11.910937,1.36779
160.8874,11.910937,1.274903
160.9074,11.902075,1.294333
160.9273,11.902075,1.101255
160.9473,11.910937,1.294831
160.9683,11.910937,1.351438
160.9872,11.875488,1.27385
161.0063,11.902075,1.273363
161.0254,11.910937,1.272649
161.0452,11.910937,1.097794
161.0642,11.910937,1.271221
161.0843,11.902075,1.367266
161.1032,11.910937,1.211272
161.1232,11.910937,1.386659
161.1432,11.884351,1.136028
161.1621,11.902075,1.177091
161.1812,11.884351,1.214949
161.2002,11.875488,1.291477
161.2191,11.875488,1.212354
161.2382,11.910937,1.270516
161.2572,11.857763,1.365505
161.2772,11.902075,1.368926
161.2961,11.910937,1.349213
161.3150,11.910937,1.309634
161.3341,11.910937,1.351236
161.3531,11.910937,1.368564
161.3731,11.910937,1.348493
161.3930,11.910937,1.271919
161.4132,11.902075,1.351169
161.4331,11.910937,1.197853
161.4531,11.910937,1.351104
161.4730,11.866626,1.292367
161.4920,11.875488,1.293103
161.5120,11.875488,1.272688
161.5311,11.884351,1.349863
161.5511,11.875488,1.371467
161.5710,11.875488,1.40851
161.5910,11.875488,1.272379
161.6110,11.875488,1.295133
161.6301,11.866626,1.350513
161.6500,11.875488,1.272479
161.6700,11.875488,1.369689
161.6900,11.857763,1.288841
161.7099,11.866626,1.367396
161.7299,11.875488,1.21457
161.7490,11.875488,1.212502
161.7700,11.9198,1.309276
161.7899,11.857763,1.192523
161.8100,11.875488,1.349238
161.8299,11.875488,1.34711
161.8498,11.875488,1.269475
161.8688,11.884351,1.347384
161.8889,11.910937,1.155737
161.9089,11.902075,1.213932
161.9289,11.902075,1.269664
161.9478,11.910937,1.310195
161.9677,11.902075,1.441443
161.9869,11.9198,1.273631
162.0069,11.910937,1.194358
162.0268,11.866626,1.404169
162.0468,11.910937,1.366717
162.0667,11.902075,1.30813
162.0857,11.910937,1.289003
162.1048,11.9198,1.273894
162.1248,11.910937,1.269588
162.1448,11.910937,1.210695
162.1647,11.910937,1.366118
162.1846,11.910937,1.36461
162.2047,11.866626,1.442636
162.2248,11.910937,1.290577
162.2437,11.910937,1.328259
162.2637,11.9198,1.290341
162.2826,11.910937,1.232281
162.3026,11.910937,1.448152
162.3227,11.910937,1.446687
162.3427,11.857763,1.215709
162.3627,11.910937,1.2712
162.3817,11.910937,1.367996
162.4005,11.893212,1.294119
162.4207,11.875488,1.369456
162.4408,11.875488,1.448362
162.4607,11.875488,1.273977
162.4806,11.875488,1.214893
162.5005,11.875488,1.371325
162.5205,11.875488,1.350011
162.5405,11.875488,1.369645
162.5615,11.875488,1.214235
162.5816,11.884351,1.369595
162.6016,11.866626,1.350314
162.6215,11.884351,1.371682
162.6406,11.875488,1.3492
162.6605,11.875488,1.292222
162.6806,11.840039,1.292592
162.7005,11.884351,1.44886
162.7205,11.875488,1.274045
162.7406,11.875488,1.294285
162.7615,11.875488,1.294911
162.7815,11.884351,1.197004
162.8004,11.875488,1.217161
162.8195,11.875488,1.159968
162.8384,11.866626,1.412222
162.8584,11.910937,1.354197
162.8784,11.910937,1.295022
162.8975,11.910937,1.352508
162.9164,11.866626,1.199926
162.9364,11.884351,1.275001
162.9563,11.866626,1.445804
162.9763,11.910937,1.215006
162.9963,11.866626,1.291969
163.0164,11.910937,1.29349
163.0364,11.910937,1.293091
163.0563,11.910937,1.295882
163.0763,11.902075,1.331568
163.0953,11.910937,1.253369
163.1152,11.910937,1.196448
163.1353,11.902075,1.291953
163.1553,11.902075,1.270949
163.1753,11.910937,1.215186
163.1953,11.910937,1.330415
163.2152,11.910937,1.215889
163.2352,11.902075,1.176549
163.2551,11.910937,1.290065
163.2744,11.866626,1.214494
163.2942,11.902075,1.098805
163.3132,11.910937,1.272301
163.3321,11.902075,1.330542
163.3512,11.910937,1.214185
163.3701,11.831177,1.369958
163.3902,11.875488,1.369429
163.4101,11.875488,1.292055
163.4301,11.875488,1.368591
163.4492,11.875488,1.175602
163.4681,11.866626,1.35028
163.4870,11.910937,1.211475
163.5062,11.902075,1.289978
163.5251,11.910937,1.30763
163.5451,11.910937,1.215598
163.5650,11.910937,1.290105
163.5850,11.902075,1.13776
163.6041,11.902075,1.212804
163.6231,11.910937,1.309558
163.6430,11.910937,1.330496
163.6630,11.910937,1.272318
163.6830,11.910937,1.348314
163.7029,11.910937,1.215444
163.7231,11.866626,1.157721
163.7430,11.910937,1.212642
163.7630,11.910937,1.213007
163.7819,11.910937,1.292155
163.8009,11.910937,1.057629
163.8200,11.893212,1.289961
163.8389,11.875488,1.21132
163.8579,11.866626,1.270842
163.8770,11.910937,1.34801
163.8959,11.831177,1.330432
163.9149,11.910937,1.272846
163.9338,11.910937,1.290429
163.9529,11.910937,1.211492
163.9729,11.902075,1.136492
163.9929,11.910937,1.27207
164.0129,11.910937,1.137426
164.0328,11.902075,1.291159
164.0529,11.910937,1.101753
164.0729,11.910937,1.292164
164.0929,11.884351,1.176922
164.1128,11.910937,1.212892
164.1328,11.866626,1.194224
164.1528,11.910937,1.272327
164.1728,11.902075,1.292886
164.1929,11.910937,1.216308
164.2129,11.910937,1.369294
164.2318,11.910937,1.274339
164.2507,11.910937,1.373111
164.2698,11.866626,1.371655
164.2887,11.875488,1.216196
164.3078,11.875488,1.045172
164.3277,11.866626,1.296702
164.3468,11.910937,1.426831
164.3657,11.902075,1.314329
164.3847,11.910937,1.235815
164.4036,11.910937,1.064223
164.4238,11.910937,1.064064
164.4437,11.910937,1.215989
164.4637,11.910937,1.273537
164.4836,11.910937,1.447446
164.5036,11.910937,1.352735
164.5236,11.902075,1.293865
164.5436,11.910937,1.37099
164.5637,11.902075,1.29308
164.5837,11.902075,1.217028
164.6027,11.902075,1.390162
164.6226,11.9198,1.197502
164.6425,11.910937,1.292029
164.6625,11.9198,1.272486
164.6826,11.910937,1.197654
164.7026,11.910937,1.351725
164.7226,11.910937,1.177981
164.7415,11.9198,1.292716
164.7604,11.910937,1.273694
164.7796,11.866626,1.214596
164.7985,11.875488,1.297317
164.8174,11.875488,1.139648
164.8365,11.910937,1.295006
164.8555,11.902075,1.216068
164.8746,11.902075,1.371254
164.8944,11.910937,1.274197
164.9135,11.910937,1.274214
164.9324,11.910937,1.350949
164.9514,11.902075,1.291705
164.9704,11.902075,1.372151
164.9894,11.884351,1.217928
165.0084,11.875488,1.294031
165.0274,11.875488,1.140165
165.0465,11.910937,1.353741
165.0664,11.910937,1.294232
165.0854,11.910937,1.104185
165.1043,11.902075,1.215782
165.1243,11.910937,1.140526
165.1444,11.902075,1.140687
165.1644,11.910937,1.372314
165.1843,11.9198,1.372327
165.2043,11.910937,1.294133
165.2243,11.910937,1.295771
165.2442,11.910937,1.314455
165.2642,11.910937,1.37216
165.2843,11.910937,1.372108
165.3043,11.910937,1.141308
165.3243,11.910937,1.105002
165.3442,11.910937,1.216294
165.3642,11.910937,1.140841
165.3842,11.910937,1.295066
165.4043,11.902075,1.178761
165.4232,11.902075,1.295215
165.4432,11.910937,1.296669
165.4632,11.9198,1.216674
165.4832,11.910937,1.375313
165.5031,11.910937,1.354041
165.5222,11.910937,1.162114
165.5422,11.884351,1.355721
165.5622,11.910937,1.369425
165.5821,11.902075,1.354411
165.6021,11.910937,1.296511
165.6220,11.910937,1.280077
165.6422,11.902075,1.218343
165.6622,11.910937,1.2178
165.6821,11.910937,1.220369
165.7011,11.910937,1.373802
165.7210,11.910937,1.2009
165.7410,11.910937,1.275693
165.7601,11.910937,1.31365
165.7790,11.866626,1.409045
165.7980,11.884351,1.217853
165.8171,11.875488,1.197558
165.8360,11.910937,1.214792
165.8550,11.902075,1.273253
165.8740,11.902075,1.273472
165.8941,11.875488,1.137784
165.9140,11.910937,1.387994
165.9340,11.910937,1.368621
165.9539,11.910937,1.252182
165.9739,11.910937,1.214392
165.9929,11.910937,1.352266
166.0120,11.910937,1.291163
166.0320,11.910937,1.271448
166.0519,11.866626,1.292642
166.0719,11.910937,1.369424
166.0918,11.875488,1.296051
166.1100,11.910937,1.273212
166.1299,11.875488,1.237319
166.1488,11.822314,1.238813
166.1678,11.875488,1.220151
166.1879,11.857763,1.275994
166.2079,11.866626,1.220208
166.2279,11.875488,1.217538
166.2478,11.875488,1.216829
166.2678,11.875488,1.197033
166.2877,11.866626,1.333792
166.3077,11.875488,1.295921
166.3279,11.875488,1.142116
166.3478,11.875488,1.296315
166.3678,11.875488,1.375206
166.3877,11.857763,1.139348
166.4077,11.875488,1.355808
166.4277,11.875488,1.3733
166.4477,11.875488,1.2955
166.4678,11.875488,1.35415
166.4877,11.831177,1.277141
166.5077,11.875488,1.334126
166.5277,11.875488,1.10313
166.5477,11.875488,1.22144
166.5676,11.875488,1.221287
166.5876,11.857763,1.198365
166.6078,11.875488,1.37386
166.6277,11.875488,1.276341
166.6476,11.875488,1.33472
166.6676,11.875488,1.178941
166.6876,11.857763,1.219556
166.7065,11.813452,1.140339
166.7256,11.910937,1.102396
166.7446,11.910937,1.292857
166.7635,11.902075,1.273208
166.7826,11.910937,1.369215
166.8026,11.910937,1.197029
166.8215,11.902075,1.214378
166.8406,11.910937,1.371907
166.8596,11.910937,1.217765
166.8785,11.884351,1.198896
166.8975,11.875488,1.276648
166.9174,11.875488,1.292663
166.9376,11.875488,1.292437
166.9565,11.875488,1.273988
166.9755,11.910937,1.4061
166.9954,11.9198,1.271678
167.0154,11.910937,1.271649
167.0345,11.910937,1.274189
167.0545,11.902075,1.330974
167.0744,11.910937,1.330878
167.0944,11.910937,1.272023
